Group1,Group2,T2_statistic,F_statistic,df1,df2,p_value
VPA Control,VPA Exercise,3.382987145314683,1.5505357749358961,2,11,0.2551368146188302
