Group1,Group2,T2_statistic,F_statistic,df1,df2,p_value
WT Control,WT Exercise,37.94606065882036,17.391944468625997,2,11,0.0003924099688459304
