Measure,ANOVA_p,Levene_p
Spacing Consistency,0.4309626302827387,0.2119166654249769
Direction Consistency,0.1309485542397618,0.9999998984565414
